URL,Title
https://www.musashino-u.ac.jp/,武蔵野大学
https://ef.musashino-u.ac.jp/donation/,ご寄付のお願い | 学校法人武蔵野大学
https://www.musashino-u.ac.jp/about/,404 Page not found | 武蔵野大学
https://www.musashino-u.ac.jp/access.html,交通アクセス | 武蔵野大学
https://www.musashino-u.ac.jp/admission/request.html,資料請求 | 入試情報 | 武蔵野大学
https://www.musashino-u.ac.jp/contact.html,お問い合わせ | 武蔵野大学
https://www.musashino-u.ac.jp/prospective-students.html,武蔵野大学で学びたい方 | 武蔵野大学
https://www.musashino-u.ac.jp/students.html,在学生の方 | 武蔵野大学
https://www.musashino-u.ac.jp/alumni.html,卒業生の方 | 武蔵野大学
https://www.musashino-u.ac.jp/parents.html,保護者の方 | 武蔵野大学
https://www.musashino-u.ac.jp/business.html,企業・研究者の方 | 武蔵野大学
https://www.musashino-u.ac.jp/guide/,大学案内 | 武蔵野大学
https://www.musashino-u.ac.jp/guide/profile/,大学紹介 | 大学案内 | 武蔵野大学
https://www.musashino-u.ac.jp/guide/activities/,大学の取り組み | 大学案内 | 武蔵野大学
https://www.musashino-u.ac.jp/guide/campus/,キャンパス | 大学案内 | 武蔵野大学
